CAS,ICH Limit,ICH Class,In Ch I Key,In Ch I,PC1,PC2,PC3,PC4,PC5,Name
111109-77-4,,,OQUIHNRSFOIOFU-UHFFFAOYSA-N,"InChI=1S/C8H18O3/c1-7(10-4)6-11-8(2)5-9-3/h7-8H,5-6H2,1-4H3",1.26165,4.99314,-0.038045,-1.62979,-0.417405,2-Methoxy-1-[(1-methoxy-2-propanyl)oxy]propane [Propylene Glycol Dimethyl Ether]
110-00-9,,,YLQBMQCUIZJEEH-UHFFFAOYSA-N,InChI=1S/C4H4O/c1-2-4-5-3-1/h1-4H,1.42377,-5.18831,-2.06609,0.408705,-1.10063,Furan
107-31-3,,,TZIHFWKZFHZASV-UHFFFAOYSA-N,"InChI=1S/C2H4O2/c1-4-2-3/h2H,1H3",-2.7394,-4.36315,-2.99058,-2.02339,2.15273,Methyl Formate
75-35-4,8,1,LGXVIGDEPROXKC-UHFFFAOYSA-N,InChI=1S/C2H2Cl2/c1-2(3)4/h1H2,1.42072,-6.41141,-1.7826,-0.47086,1.38552,"1,1-Dichloroethene"
75-31-0,,,JJWLVOIRVHMVIS-UHFFFAOYSA-N,"InChI=1S/C3H9N/c1-3(2)4/h3H,4H2,1-2H3",-3.97711,0.357103,-2.88464,-3.61627,-2.26472,Isopropylamine
60-29-7,5000,3,RTZKZFJDLAIYFH-UHFFFAOYSA-N,"InChI=1S/C4H10O/c1-3-5-4-2/h3-4H2,1-2H3",0.74113,-2.09667,-2.27144,-3.98644,-0.843687,Diethyl Ether [Ether]
109-66-0,5000,3,OFBQJSOFQDEBGM-UHFFFAOYSA-N,"InChI=1S/C5H12/c1-3-5-4-2/h3-5H2,1-2H3",5.35467,-6.00755,-0.446493,-4.01826,0.0227278,n-Pentane
407-25-0,,,QAEDZJGFFMLHHQ-UHFFFAOYSA-N,"InChI=1S/C4F6O3/c5-3(6,7)1(11)13-2(12)4(8,9)10",3.62775,-4.25855,1.75618,-1.59535,5.66695,"2,2,2-trifluoroacetic Anhydride [TFAA]"
75-09-2,600,2,YMWUJEATGCHHMB-UHFFFAOYSA-N,InChI=1S/CH2Cl2/c2-1-3/h1H2,-0.6554,-6.54068,-1.33663,1.27833,1.99856,DCM [Dichloromethane]
75-64-9,,,YBRBMKDOPFTVDT-UHFFFAOYSA-N,"InChI=1S/C4H11N/c1-4(2,3)5/h5H2,1-3H3",-2.57619,1.22966,-2.56097,-3.56882,-2.37864,2-Amino-2-methylpropane [tert-Butylamine]
75-15-0,,,QGJOPFRUJISHPQ-UHFFFAOYSA-N,InChI=1S/CS2/c2-1-3,2.09631,-7.05012,-3.08796,3.13969,-2.90962,Carbon Disulfide
156-60-5,,,KFUSEUYYWQURPO-UPHRSURJSA-N,InChI=1S/C2H2Cl2/c3-1-2-4/h1-2H/b2-1-,2.03275,-5.64124,-0.768073,0.930582,-0.665294,"(Z)-1,2-Dichloroethene"
107-10-8,,,WGYKZJWCGVVSQN-UHFFFAOYSA-N,"InChI=1S/C3H9N/c1-2-3-4/h2-4H2,1H3",-3.3769,0.0468865,-2.43398,-2.97691,-2.35763,n-Propylamine
287-92-3,,,RGSFGYAAUTVSQA-UHFFFAOYSA-N,InChI=1S/C5H10/c1-2-4-5-3-1/h1-5H2,3.59382,-6.52093,-0.976066,-2.51651,-0.436023,Cyclopentane
109-94-4,,,WBJINCZRORDGAQ-UHFFFAOYSA-N,"InChI=1S/C3H6O2/c1-2-5-3-4/h3H,2H2,1H3",-1.62046,-3.06415,-2.54326,-2.04004,1.91163,Ethyl Formate
1634-04-4,5000,3,BZLVMXJERCGZMT-UHFFFAOYSA-N,"InChI=1S/C5H12O/c1-5(2,3)6-4/h1-4H3",0.922674,-1.18203,-2.01444,-2.98548,-0.762469,MTBE [tert-Butylmethylether]
109-89-7,,,HPNMFZURTQLUMO-UHFFFAOYSA-N,"InChI=1S/C4H11N/c1-3-5-4-2/h5H,3-4H2,1-2H3",-0.678531,0.0716492,-2.33878,-3.4117,-3.08979,Diethylamine
67-64-1,5000,3,CSCPPACGZOOCGX-UHFFFAOYSA-N,InChI=1S/C3H6O/c1-3(2)4/h1-2H3,-3.04341,-1.91259,-3.56567,-1.794,0.596176,Acetone
79-20-9,5000,3,KXKVLQRXCPHEJC-UHFFFAOYSA-N,InChI=1S/C3H6O2/c1-3(4)5-2/h1-2H3,-1.73145,-2.54602,-2.8433,-2.06339,1.13524,Methyl Acetate
75-34-3,,,SCYULBFZEHDVBN-UHFFFAOYSA-N,"InChI=1S/C2H4Cl2/c1-2(3)4/h2H,1H3",0.884069,-5.24096,-1.47983,0.228239,2.12883,"1,1-Dichloroethane"
920-66-1,,,BYEAHWXPCBROCE-UHFFFAOYSA-N,"InChI=1S/C3H2F6O/c4-2(5,6)1(10)3(7,8)9/h1,10H",-7.26762,-8.20768,11.9645,-1.99806,-0.023481,"1,1,1,3,3,3-Hexafluoropropan-2-ol"
156-59-2,,,KFUSEUYYWQURPO-OWOJBTEDSA-N,InChI=1S/C2H2Cl2/c3-1-2-4/h1-2H/b2-1+,0.491969,-5.33024,-1.52464,1.85403,0.440174,"(E)-1,2-Dichloroethene"
107-83-5,,,AFABGHUZZDYHJO-UHFFFAOYSA-N,"InChI=1S/C6H14/c1-4-5-6(2)3/h6H,4-5H2,1-3H3",5.20913,-4.80332,-0.205914,-3.23107,-0.158737,iso-Hexane [2-Methylpentane]
67-66-3,60,2,HEDRZPFGACZZDS-UHFFFAOYSA-N,InChI=1S/CHCl3/c2-1(3)4/h1H,0.447314,-6.55056,0.116041,0.956611,0.384643,Chloroform
67-56-1,3000,2,OKKJLVBELUTLKV-UHFFFAOYSA-N,"InChI=1S/CH4O/c1-2/h2H,1H3",-8.72651,-5.31265,1.25112,-1.85931,-0.620266,Methanol
109-99-9,720,2,WYURNTSHIVDZCO-UHFFFAOYSA-N,InChI=1S/C4H8O/c1-2-4-5-3-1/h1-4H2,-1.51934,-1.85536,-3.24116,-1.75699,-1.23666,THF [Tetrahydrofuran]
78-81-9,,,KDSNLYIMUZNERS-UHFFFAOYSA-N,"InChI=1S/C4H11N/c1-4(2)3-5/h4H,3,5H2,1-2H3",-2.57898,0.866665,-2.17958,-2.79232,-2.0124,2-Methyl-1-propanamine [Isobutylamine]
108-20-3,,,ZAFNJMIOTHYJRJ-UHFFFAOYSA-N,"InChI=1S/C6H14O/c1-5(2)7-6(3)4/h5-6H,1-4H3",2.44956,-0.273683,-1.01215,-3.40894,-0.903594,Di-isopropylether
110-54-3,290,2,VLKZOEOYAKHREP-UHFFFAOYSA-N,"InChI=1S/C6H14/c1-3-5-6-4-2/h3-6H2,1-2H3",6.4397,-5.23461,0.186644,-3.68334,0.00238809,n-Hexane
76-05-1,,,DTQVDTLACAAQTR-UHFFFAOYSA-N,"InChI=1S/C2HF3O2/c3-2(4,5)1(6)7/h(H,6,7)",-9.7908,-7.7192,11.2503,-0.606578,-0.757968,"2,2,2-Trifluoroacetic Acid [TFA]"
96-37-7,,,GDOPTJXRTPNYNR-UHFFFAOYSA-N,"InChI=1S/C6H12/c1-6-4-2-3-5-6/h6H,2-5H2,1H3",4.40048,-5.39104,-0.45836,-2.23816,-0.209832,Methylcyclopentane
75-89-8,,,RHQDFWAXVIIEBN-UHFFFAOYSA-N,"InChI=1S/C2H3F3O/c3-2(4,5)1-6/h6H,1H2",-6.72189,-6.73863,5.76113,0.904505,0.809133,"2,2,2-Trifluoroethanol"
71-55-6,1500,1,UOCLXMDMGBRAIB-UHFFFAOYSA-N,"InChI=1S/C2H3Cl3/c1-2(3,4)5/h1H3",3.00518,-4.57856,-1.29164,0.547217,1.42287,"1,1,1-Trichloroethane"
646-06-0,,,WNXJIVFYUVYPPR-UHFFFAOYSA-N,InChI=1S/C3H6O2/c1-2-5-3-4-1/h1-3H2,-2.90482,-2.5993,-2.99917,-1.09752,-0.102012,"1,3-Dioxolane"
2511-17-3,,,YRWJRJCUZYGLPN-UHFFFAOYSA-N,"InChI=1S/C5H15N2OP/c1-6(2)9(5,8)7(3)4/h1-5H3",-3.36411,7.79931,-1.93648,-0.679509,-1.17989,Pentamethyl Phosphonic Diamide
56-23-5,4,1,VZGDMQKNWNREIO-UHFFFAOYSA-N,"InChI=1S/CCl4/c2-1(3,4)5",4.51663,-5.58486,-1.10445,-0.143139,-0.045966,Tetrachloromethane [Carbon Tetrachloride]
141-78-6,5000,3,XEKOWRVHYACXOJ-UHFFFAOYSA-N,"InChI=1S/C4H8O2/c1-3-6-4(2)5/h3H2,1-2H3",-0.649342,-1.50367,-2.24681,-2.20261,1.0132,Ethyl Acetate
109-73-9,,,HQABUPZFAYXKJW-UHFFFAOYSA-N,"InChI=1S/C4H11N/c1-2-3-4-5/h2-5H2,1H3",-2.53329,1.25937,-1.86475,-2.90118,-2.33359,1-Butylamine
64-17-5,5000,3,LFQSCWFLJHTTHZ-UHFFFAOYSA-N,"InChI=1S/C2H6O/c1-2-3/h3H,2H2,1H3",-6.8371,-3.676,1.11638,-2.0345,-0.948893,Ethanol
78-93-3,5000,3,ZWEHNKRNPOVVGH-UHFFFAOYSA-N,"InChI=1S/C4H8O/c1-3-4(2)5/h3H2,1-2H3",-1.47901,-1.118,-3.00926,-1.40615,0.410937,Butanone [MEK]
554-12-1,,,RJUFJBKOKNCXHH-UHFFFAOYSA-N,"InChI=1S/C4H8O2/c1-3-4(5)6-2/h3H2,1-2H3",-0.740185,-1.83783,-1.9521,-2.04831,1.17614,Methyl Propionate
96-47-9,,,JWUJQDFVADABEY-UHFFFAOYSA-N,"InChI=1S/C5H10O/c1-5-3-2-4-6-5/h5H,2-4H2,1H3",2.05009,2.48903,-4.41974,2.44756,-10.5634,2-Methyltetrahydrofuran [2-MeTHF]
71-43-2,2,1,UHOVQNZJYSORNB-UHFFFAOYSA-N,InChI=1S/C6H6/c1-2-4-6-5-3-1/h1-6H,3.24748,-4.79837,-1.63234,1.17202,-1.55152,Benzene
392-56-3,,,ZQBFAOFFOQMSGJ-UHFFFAOYSA-N,InChI=1S/C6F6/c7-1-2(8)4(10)6(12)5(11)3(1)9,5.31479,-4.04518,0.133389,-0.909938,0.0518703,Perfluorobenzene
110-82-7,3880,2,XDTMQSROBMDMFD-UHFFFAOYSA-N,InChI=1S/C6H12/c1-2-4-6-5-3-1/h1-6H2,5.47872,-5.68202,-0.565812,-2.17757,-0.638723,Cyclohexane
110-74-7,,,KFNNIILCVOLYIR-UHFFFAOYSA-N,"InChI=1S/C4H8O2/c1-2-3-6-4-5/h4H,2-3H2,1H3",-0.666575,-2.23499,-1.84201,-1.81675,1.8354,Propyl Formate
77-76-9,,,HEWZVZIVELJPQZ-UHFFFAOYSA-N,"InChI=1S/C5H12O2/c1-5(2,6-3)7-4/h1-4H3",0.869318,-0.41397,-1.53377,-3.06077,-0.508318,"2,2-Dimethoxypropane"
75-05-8,410,2,WEVYAHXRMPXWCK-UHFFFAOYSA-N,InChI=1S/C2H3N/c1-2-3/h1H3,-4.65106,-4.74864,-3.28165,-0.304043,4.2989,Acetonitrile
75-65-0,,,DKGAVHZHDRPRBM-UHFFFAOYSA-N,"InChI=1S/C4H10O/c1-4(2,3)5/h5H,1-3H3",-3.74469,-1.25846,1.14292,-2.39924,-1.15615,tert-Butanol [2-Methylpropan-2-ol]
67-63-0,5000,3,KFZMGEQAYNKOFK-UHFFFAOYSA-N,"InChI=1S/C3H8O/c1-3(2)4/h3-4H,1-2H3",-5.26444,-2.31088,0.99332,-2.39862,-1.19069,IPA [Propan-2-ol]
107-06-2,5,1,WSLDOOZREJYCGB-UHFFFAOYSA-N,InChI=1S/C2H4Cl2/c3-1-2-4/h1-2H2,0.449577,-4.90128,-1.44113,1.87061,2.20725,"1,2-Dichloroethane"
108-18-9,,,UAOMVDZJSHZZME-UHFFFAOYSA-N,"InChI=1S/C6H15N/c1-5(2)7-6(3)4/h5-7H,1-4H3",1.73737,1.13918,-1.37056,-2.87883,-2.66141,Diisopropylamine
110-02-1,,,YTPLMLYBLZKORZ-UHFFFAOYSA-N,InChI=1S/C4H4S/c1-2-4-5-3-1/h1-4H,1.97354,-4.43191,-1.73699,2.78925,-1.51483,Thiophene
110-71-4,100,2,XTHFKEDIFFGKHM-UHFFFAOYSA-N,"InChI=1S/C4H10O2/c1-5-3-4-6-2/h3-4H2,1-2H3",-1.35871,0.467472,-2.50771,-2.67093,-0.395857,"Glyme [DME or 1,2-Dimethoxyethane]"
462-06-6,,,PYLWMHQQBFSUBP-UHFFFAOYSA-N,InChI=1S/C6H5F/c7-6-4-2-1-3-5-6/h1-5H,2.40627,-4.13794,-1.66597,1.61796,-0.0898876,Fluorobenzene
994-05-8,,,HVZJRWJGKQPSFL-UHFFFAOYSA-N,"InChI=1S/C6H14O/c1-5-6(2,3)7-4/h5H2,1-4H3",2.63178,-1.01574,-1.22264,-2.52185,-0.976246,TAME [tert-amyl methyl ether]
123-75-1,,,RWRDLPDLKQPQOW-UHFFFAOYSA-N,"InChI=1S/C4H9N/c1-2-4-5-3-1/h5H,1-4H2",-2.93596,0.0810868,-3.08506,-1.34199,-2.92342,Pyrrolidine
79-01-6,,,XSTXAVWGXDQKEL-UHFFFAOYSA-N,InChI=1S/C2HCl3/c3-1-2(4)5/h1H,3.00563,-4.40146,-0.449743,1.31188,-0.778767,Trichloroethene
142-68-7,,,DHXVGJBLRPWPCS-UHFFFAOYSA-N,InChI=1S/C5H10O/c1-2-4-6-5-3-1/h1-5H2,-0.12567,-1.52095,-2.62929,-1.72474,-1.15191,Tetrahydropyran
108-21-4,5000,3,JMMWKPVZQRWMSS-UHFFFAOYSA-N,"InChI=1S/C5H10O2/c1-4(2)7-5(3)6/h4H,1-3H3",0.187871,-0.7808,-1.56879,-2.27746,1.01566,iso-Propyl Acetate
121-44-8,,,ZMANZCXQSJIPKH-UHFFFAOYSA-N,"InChI=1S/C6H15N/c1-4-7(5-2)6-3/h4-6H2,1-3H3",2.84839,0.21611,-1.415,-3.48401,-3.6093,Triethylamine
111-43-3,,,POLCUAVZOMRGSN-UHFFFAOYSA-N,"InChI=1S/C6H14O/c1-3-5-7-6-4-2/h3-6H2,1-2H3",2.69426,-0.662813,-0.844698,-3.21789,-0.680355,Di-n-propylether
616-38-6,,,IEJIGPNLZYLLBP-UHFFFAOYSA-N,InChI=1S/C3H6O3/c1-5-3(4)6-2/h1-2H3,-0.567427,-2.58546,-1.60665,-2.29901,1.54198,Dimethyl Carbonate
2916-31-6,,,SIJBDWPVNAYVGY-UHFFFAOYSA-N,"InChI=1S/C5H10O2/c1-5(2)6-3-4-7-5/h3-4H2,1-2H3",-0.638182,-0.398033,-2.00906,-1.81581,-0.357442,"2,2-Dimethyl-1,3-dioxolane"
563-80-4,,,SYBYTAAJFKOIEJ-UHFFFAOYSA-N,"InChI=1S/C5H10O/c1-4(2)5(3)6/h4H,1-3H3",-0.823085,-0.410889,-2.49464,-1.34788,0.22587,"3-Methyl-2-butanone [MIPK, Methyl isopropyl ketone]"
7778-85-0,,,LEEANUDEDHYDTG-UHFFFAOYSA-N,"InChI=1S/C5H12O2/c1-5(7-3)4-6-2/h5H,4H2,1-3H3",-0.912612,1.09046,-2.00441,-2.44695,-0.53803,"1,2-Dimethoxypropane"
2687-91-4,,,ZFPGARUNNKGOBB-UHFFFAOYSA-N,"InChI=1S/C6H11NO/c1-2-7-5-3-4-6(7)8/h2-5H2,1H3",-3.57425,3.20311,-2.75034,-1.02615,-0.327646,NEP [1-Ethylpyrrolidin-2-one]
71-23-8,5000,3,BDERNNFJNOPAEC-UHFFFAOYSA-N,"InChI=1S/C3H8O/c1-2-3-4/h4H,2-3H2,1H3",-5.4197,-2.98999,1.68422,-1.62393,-0.968217,Propan-1-ol
107-12-0,,,FVSKHRXBFJPNKK-UHFFFAOYSA-N,"InChI=1S/C3H5N/c1-2-3-4/h2H2,1H3",-3.09698,-3.69138,-3.05049,-0.631003,3.69693,Proprionitrile
142-82-5,5000,3,IMNFDUFMRHMDMM-UHFFFAOYSA-N,"InChI=1S/C7H16/c1-3-5-7-6-4-2/h3-7H2,1-2H3",7.46235,-4.17338,1.01039,-3.17418,0.0714986,n-Heptane
105-37-3,,,FKRCODPIKNYEAC-UHFFFAOYSA-N,"InChI=1S/C5H10O2/c1-3-5(6)7-4-2/h3-4H2,1-2H3",0.538726,-0.939867,-1.48334,-2.28471,1.03072,Ethyl propionate
78-92-2,5000,3,BTANRVKWQNVYAZ-UHFFFAOYSA-N,"InChI=1S/C4H10O/c1-3-4(2)5/h4-5H,3H2,1-2H3",-3.59319,-1.74486,1.17917,-1.69234,-0.837775,Butan-2-ol
7732-18-5,,,XLYOFNOQVPJJNP-UHFFFAOYSA-N,InChI=1S/H2O/h1H2,-17.1145,-8.80606,5.56077,0.126051,0.604298,Water
64-18-6,5000,3,BDAGIHXWWSANSR-UHFFFAOYSA-N,"InChI=1S/CH2O2/c2-1-3/h1H,(H,2,3)",-9.78236,-7.30311,5.73192,-0.0614243,-0.788483,Formic Acid
107-46-0,,,UQEAIHBTYFGYIE-UHFFFAOYSA-N,"InChI=1S/C6H18OSi2/c1-8(2,3)7-9(4,5)6/h1-6H3",8.22926,-0.0692801,1.69204,-1.48188,-0.018951,Hexamethyldisiloxane [M2]
108-87-2,1180,2,UAEPNZWRGJTJPN-UHFFFAOYSA-N,"InChI=1S/C7H14/c1-7-5-3-2-4-6-7/h7H,2-6H2,1H3",5.91508,-4.51144,0.00220696,-1.81105,-0.995321,Methylcyclohexane
75-52-5,50,2,LYGJENNIWJXYER-UHFFFAOYSA-N,InChI=1S/CH3NO2/c1-2(3)4/h1H3,-3.83989,-4.70756,-2.58611,1.87302,4.25859,Nitromethane
123-91-1,380,2,RYHBNJHYFVUHQT-UHFFFAOYSA-N,InChI=1S/C4H8O2/c1-2-6-4-3-5-1/h1-4H2,-0.886957,0.203646,-1.94311,-1.54976,-1.13652,"1,4-Dioxane"
149-73-5,,,PYOKUURKVVELLB-UHFFFAOYSA-N,"InChI=1S/C4H10O3/c1-5-4(6-2)7-3/h4H,1-3H3",-1.02058,0.21178,-1.82886,-2.13549,0.881435,Trimethoxymethane [Trimethyl orthoformate]
109-60-4,,,YKYONYBAUNKHLG-UHFFFAOYSA-N,"InChI=1S/C5H10O2/c1-3-4-7-5(2)6/h3-4H2,1-2H3",0.370835,-0.61374,-1.46604,-2.01997,1.20246,n-Propyl acetate
96-22-0,,,FDPIMTJIUBPUKL-UHFFFAOYSA-N,"InChI=1S/C5H10O/c1-3-5(6)4-2/h3-4H2,1-2H3",-0.498106,-0.435308,-2.16,-1.21806,0.4441,Pentan-3-one
98-08-8,,,GETTZEONDQJALK-UHFFFAOYSA-N,"InChI=1S/C7H5F3/c8-7(9,10)6-4-2-1-3-5-6/h1-5H",3.26364,-2.50062,-0.738734,0.416847,1.12556,Benzotrifluoride
75-85-4,,,MSXVEPNJUHWQHW-UHFFFAOYSA-N,"InChI=1S/C5H12O/c1-4-5(2,3)6/h6H,4H2,1-3H3",-2.39071,-0.731133,1.32996,-1.71282,-0.879646,tert-Amyl Alcohol [2-Methylbutan-2-ol]
107-87-9,,,XNLICIUVMPYHGG-UHFFFAOYSA-N,"InChI=1S/C5H10O/c1-3-4-5(2)6/h3-4H2,1-2H3",-0.879225,-0.170172,-2.3115,-1.46341,0.431732,Pentan-2-one
623-42-7,,,UUIQMZJEGPQKFD-UHFFFAOYSA-N,"InChI=1S/C5H10O2/c1-3-4-5(6)7-2/h3-4H2,1-2H3",0.635703,-0.978522,-1.23137,-1.90409,1.16351,Methyl Butyrate
22699-70-3,,,GQHWSLKNULCZGI-UHFFFAOYSA-N,"InChI=1S/C7H5F3O/c8-7(9,10)11-6-4-2-1-3-5-6/h1-5H",5.24751,-2.66385,0.336053,0.731527,0.321168,(Trifluoromethoxy)benzene [Trifluoromethylphenyl ether]
434-64-0,,,USPWUOFNOTUBAD-UHFFFAOYSA-N,"InChI=1S/C7F8/c8-2-1(7(13,14)15)3(9)5(11)6(12)4(2)10",6.29549,-2.97366,0.992833,-0.417502,1.16316,"1,2,3,4,5-Pentafluoro-6-(trifluoromethyl)benzene [Perfluorotoluene]"
110-58-7,,,DPBLXKKOBLCELK-UHFFFAOYSA-N,"InChI=1S/C5H13N/c1-2-3-4-5-6/h2-6H2,1H3",-1.64448,1.97658,-1.09956,-2.38677,-1.99034,n-Pentylamine
5614-37-9,,,SKTCDJAMAYNROS-UHFFFAOYSA-N,"InChI=1S/C6H12O/c1-7-6-4-2-3-5-6/h6H,2-5H2,1H3",1.56217,-1.2353,-1.75856,-1.75934,-1.09553,CPME [Cyclopentyl Methyl Ether]
592-84-7,,,NMJJFJNHVMGPGM-UHFFFAOYSA-N,"InChI=1S/C5H10O2/c1-2-3-4-7-5-6/h5H,2-4H2,1H3",0.414017,-1.249,-1.19832,-1.51051,1.88263,Butyl Formate
110-89-4,,,NQRYJNQNLNOLGT-UHFFFAOYSA-N,"InChI=1S/C5H11N/c1-2-4-6-5-3-1/h6H,1-5H2",-1.37124,0.700927,-2.20144,-1.16237,-3.4166,Piperidine
75-97-8,,,PJGSXYOJTGTZAV-UHFFFAOYSA-N,"InChI=1S/C6H12O/c1-5(7)6(2,3)4/h1-4H3",0.296798,0.437413,-1.87148,-1.47586,0.244384,"3,3-Dimethyl-2-butanone [MTBK]"
2556-73-2,,,ZWXPDGCFMMFNRW-UHFFFAOYSA-N,"InChI=1S/C7H13NO/c1-8-6-4-2-3-5-7(8)9/h2-6H2,1H3",-2.14404,4.21566,-2.4185,0.486245,-0.358426,1-Methylazepan-2-one [N-Methylcaprolactam]
78-83-1,5000,3,ZXEKIIBDNHEJCQ-UHFFFAOYSA-N,"InChI=1S/C4H10O/c1-4(2)3-5/h4-5H,3H2,1-2H3",-3.71432,-2.35607,1.93132,-1.47421,-0.774119,iso-Butanol [2-Methylpropan-1-ol]
142-84-7,,,WEHWNAOGRSTTBQ-UHFFFAOYSA-N,"InChI=1S/C6H15N/c1-3-5-7-6-4-2/h7H,3-6H2,1-2H3",1.49333,1.86028,-0.913092,-2.88531,-2.63241,Dipropylamine
627-93-0,,,UDSFAEKRVUSQDD-UHFFFAOYSA-N,"InChI=1S/C8H14O4/c1-11-7(9)5-3-4-6-8(10)12-2/h3-6H2,1-2H3",0.982668,4.73123,0.443937,-0.453124,2.08847,Dimethyl Adipate
108-88-3,890,2,YXFVVABEGXRONW-UHFFFAOYSA-N,"InChI=1S/C7H8/c1-7-5-3-2-4-6-7/h2-6H,1H3",4.15092,-3.70436,-1.08688,0.97639,-1.41892,Toluene
79-00-5,,,UBOXGVDOUJQMTN-UHFFFAOYSA-N,"InChI=1S/C2H3Cl3/c3-1-2(4)5/h2H,1H2",1.00541,-3.95074,0.821477,2.90385,2.20218,"1,1,2-Trichloroethane"
79-24-3,,,MCSAJNNLRCFZED-UHFFFAOYSA-N,"InChI=1S/C2H5NO2/c1-2-3(4)5/h2H2,1H3",-2.14468,-3.62892,-2.68811,1.23438,3.63157,Nitroethane
1850-14-2,,,AHJWSRRHTXRLAQ-UHFFFAOYSA-N,"InChI=1S/C5H12O4/c1-6-5(7-2,8-3)9-4/h1-4H3",1.21158,0.44984,-0.793437,-2.73512,0.336434,Tetramethoxymethane
110-86-1,200,2,JUJWROOIHBZHMG-UHFFFAOYSA-N,InChI=1S/C5H5N/c1-2-4-6-5-3-1/h1-5H,-2.33832,-0.618091,-3.00425,1.64005,-0.645808,Pyridine
584-02-1,,,AQIXEPGDORPWBJ-UHFFFAOYSA-N,"InChI=1S/C5H12O/c1-3-5(6)4-2/h5-6H,3-4H2,1-2H3",-2.01188,-1.30853,1.4764,-1.38071,-0.752789,Pentan-3-ol
108-10-1,5000,3,NTIZESTWPVYFNL-UHFFFAOYSA-N,"InChI=1S/C6H12O/c1-5(2)4-6(3)7/h5H,4H2,1-3H3",0.593996,0.332404,-1.82072,-1.2971,0.464529,MIBK [Methyl iso-Butyl Ketone or 4-Methyl-2-pentanone]
107-15-3,,,PIICEJLVQHRZGT-UHFFFAOYSA-N,InChI=1S/C2H8N2/c3-1-2-4/h1-4H2,-8.92429,4.69006,-3.0658,-1.42983,-3.29467,"1,2-Diaminoethane"
109-02-4,,,SJRJJKPEHAURKC-UHFFFAOYSA-N,"InChI=1S/C5H11NO/c1-6-2-4-7-5-3-6/h2-5H2,1H3",-1.17593,1.35871,-2.56019,-1.10662,-2.0975,N-methylmorpholine [NNM]
110-19-0,5000,3,GJRQTCIYDGXPES-UHFFFAOYSA-N,"InChI=1S/C6H12O2/c1-5(2)4-8-6(3)7/h5H,4H2,1-3H3",1.326,0.124708,-0.885963,-2.02613,1.2386,iso-Butyl Acetate
109-74-0,,,KVNRLNFWIYMESJ-UHFFFAOYSA-N,"InChI=1S/C4H7N/c1-2-3-4-5/h2-3H2,1H3",-1.60149,-2.07822,-1.82494,-0.863574,3.80822,Butyronitrile
71-36-3,5000,3,LRHPLDYGYMQRHN-UHFFFAOYSA-N,"InChI=1S/C4H10O/c1-2-3-4-5/h5H,2-4H2,1H3",-4.22827,-1.69267,2.20752,-1.65375,-1.08503,Butan-1-ol
64-19-7,5000,3,QTBSBXVTEAMEQO-UHFFFAOYSA-N,"InChI=1S/C2H4O2/c1-2(3)4/h1H3,(H,3,4)",-7.9189,-4.82223,4.6104,-0.483395,-0.842599,Acetic Acid
6032-29-7,,,JYVLIDXNZAXMDK-UHFFFAOYSA-N,"InChI=1S/C5H12O/c1-3-4-5(2)6/h5-6H,3-4H2,1-2H3",-2.12084,-0.75189,1.81988,-1.32716,-0.562897,Pentan-2-ol
127-18-4,80,2,CYTYCFOTNPOANT-UHFFFAOYSA-N,InChI=1S/C2Cl4/c3-1(4)2(5)6,4.49867,-4.64387,-1.05374,1.25923,-1.60111,Tetrachloroethene
110-01-0,,,RAOIDOHSFRTOEL-UHFFFAOYSA-N,InChI=1S/C4H8S/c1-2-4-5-3-1/h1-4H2,0.977991,-2.72708,-2.69631,2.30842,-1.83147,Tetrahydrothiophene
107-98-2,,,ARXJGSRGQADJSQ-UHFFFAOYSA-N,"InChI=1S/C4H10O2/c1-4(5)3-6-2/h4-5H,3H2,1-2H3",-2.76111,-0.0234369,-0.718538,-1.3665,0.0397147,PM Glycol Ether [1-Methoxy-2-propanol]
107-98-2,,,ARXJGSRGQADJSQ-UHFFFAOYSA-N,"InChI=1S/C4H10O2/c1-4(5)3-6-2/h4-5H,3H2,1-2H3",-2.86796,0.209277,-1.13539,-1.44295,0.185015,1-Methoxypropan-2-ol
105-54-4,,,OBNCKNCVKJNDBV-UHFFFAOYSA-N,"InChI=1S/C6H12O2/c1-3-5-6(7)8-4-2/h3-5H2,1-2H3",1.55145,-0.243731,-0.823583,-1.99333,1.0978,Ethyl butyrate
106-36-5,,,MCSINKKTEDDPNK-UHFFFAOYSA-N,"InChI=1S/C6H12O2/c1-3-5-8-6(7)4-2/h3-5H2,1-2H3",4.5603,4.05439,1.8311,-0.679045,0.656823,n-Propyl Propionate
111-65-9,,,TVMXDCGIABBOFY-UHFFFAOYSA-N,"InChI=1S/C8H18/c1-3-5-7-8-6-4-2/h3-8H2,1-2H3",7.84404,-3.28431,1.46227,-2.66848,0.0377296,n-Octane
289-95-2,,,CZPWVGJYEJSRLH-UHFFFAOYSA-N,InChI=1S/C4H4N2/c1-2-5-4-6-3-1/h1-4H,-3.22157,0.787724,-2.91804,1.95569,0.0193262,Pyrimidine
109-86-4,50,2,XNWFRZJHXBZDAG-UHFFFAOYSA-N,"InChI=1S/C3H8O2/c1-5-3-2-4/h4H,2-3H2,1H3",-5.28528,-0.863147,0.149651,-1.06035,-0.461615,Methyl Cellosolve [2-Methoxyethanol]
565-80-0,,,HXVNBWAKAOHACI-UHFFFAOYSA-N,"InChI=1S/C7H14O/c1-5(2)7(8)6(3)4/h5-6H,1-4H3",1.79938,0.750799,-1.22962,-0.884622,0.143899,"2,4-Dimethyl-3-pentanone [Diisopropyl ketone]"
123-86-4,5000,3,DKPFZGUDAPQIHT-UHFFFAOYSA-N,"InChI=1S/C6H12O2/c1-3-4-5-8-6(2)7/h3-5H2,1-2H3",1.58361,0.124714,-0.800722,-1.90324,1.18449,n-Butyl Acetate
616-42-2,,,BDUPRNVPXOHWIL-UHFFFAOYSA-N,InChI=1S/C2H6O3S/c1-4-6(3)5-2/h1-2H3,-0.838404,-1.73469,-2.16002,0.3466,1.7674,Dimethyl Sulfite
105-58-8,,,OIFBSDVPJOWBCH-UHFFFAOYSA-N,"InChI=1S/C5H10O3/c1-3-7-5(6)8-4-2/h3-4H2,1-2H3",1.593,-0.540137,-0.641984,-2.3487,1.28387,Diethyl Carbonate
7087-68-5,,,JGFZNNIVVJXRND-UHFFFAOYSA-N,"InChI=1S/C8H19N/c1-6-9(7(2)3)8(4)5/h7-8H,6H2,1-5H3",4.89075,1.16705,-0.455425,-1.07769,-3.28526,"N-Ethyl-N-isopropylpropan-2-amine [Diispropylethylamine, Hunig's Base]"
591-78-6,,,QQZOPKMRPOGIEB-UHFFFAOYSA-N,"InChI=1S/C6H12O/c1-3-4-5-6(2)7/h3-5H2,1-2H3",0.0768134,0.775803,-1.57643,-1.18064,0.506916,"Hexan-2-one [Methylbutylketone, MBK]"
110-91-8,,,YNAVUWVOSKDBBP-UHFFFAOYSA-N,"InChI=1S/C4H9NO/c1-3-6-4-2-5-1/h5H,1-4H2",-3.90904,2.31485,-2.69152,-0.611439,-2.284,Morpholine
137-32-6,,,QPRQEDXDYOZYLA-UHFFFAOYSA-N,"InChI=1S/C5H12O/c1-3-5(2)4-6/h5-6H,3-4H2,1-2H3",-1.99901,-1.19087,2.53451,-1.6474,-1.3244,2-Methyl Butanol
109-06-8,,,BSKHPKMHTQYZBB-UHFFFAOYSA-N,"InChI=1S/C6H7N/c1-6-4-2-3-5-7-6/h2-5H,1H3",-0.565146,0.672246,-1.96621,1.22144,-1.17457,2-Methylpyridine [2-Picoline]
109-97-7,,,KAESVJOAVNADME-UHFFFAOYSA-N,InChI=1S/C4H5N/c1-2-4-5-3-1/h1-5H,-3.50197,-4.3225,2.46632,3.29681,-2.47776,Pyrrole
1678-91-7,,,IIEWJVIFRVWJOD-UHFFFAOYSA-N,"InChI=1S/C8H16/c1-2-8-6-4-3-5-7-8/h8H,2-7H2,1H3",6.22973,-3.42371,0.358116,-1.35139,-0.881465,Ethylcyclohexane
120-92-3,,,BGTOWKSIORTVQH-UHFFFAOYSA-N,InChI=1S/C5H8O/c6-5-3-1-2-4-5/h1-4H2,-1.5719,-0.379222,-2.98984,0.3005,0.0103344,Cyclopentanone
123-51-3,5000,3,PHTQWCKDNZKARW-UHFFFAOYSA-N,"InChI=1S/C5H12O/c1-5(2)3-4-6/h5-6H,3-4H2,1-2H3",-3.26716,-0.943897,2.59167,-1.21117,-0.848406,3-Methylbutan-1-ol
108-03-2,,,JSZOAYXJRCEYSX-UHFFFAOYSA-N,"InChI=1S/C3H7NO2/c1-2-3-4(5)6/h2-3H2,1H3",-0.638764,-2.65281,-1.96557,0.844981,3.29501,1-Nitropropane
79-46-9,,,FGLBSLMDCBOPQK-UHFFFAOYSA-N,"InChI=1S/C3H7NO2/c1-3(2)4(5)6/h3H,1-2H3",-0.608593,-2.86582,-1.99477,0.463773,2.89232,2-Nitropropane
108-11-2,,,WVYWICLMDOOCFB-UHFFFAOYSA-N,"InChI=1S/C6H14O/c1-5(2)4-6(3)7/h5-7H,4H2,1-3H3",-1.32958,-0.0646447,2.43219,-1.24635,-0.37168,Methyl Isobutyl Carbinol
108-90-7,360,2,MVPPADPHJFYWMZ-UHFFFAOYSA-N,InChI=1S/C6H5Cl/c7-6-4-2-1-3-5-6/h1-5H,3.29928,-3.34009,-1.28965,3.35378,-0.371296,Chlorobenzene
108-91-8,,,PAFZNILMFXTMIY-UHFFFAOYSA-N,"InChI=1S/C6H13N/c7-6-4-2-1-3-5-6/h6H,1-5,7H2",-0.864705,2.08926,-1.59741,-1.49475,-2.44565,Cyclohexylamine
110-80-5,,,ZNQVEEAIQZEUHB-UHFFFAOYSA-N,"InChI=1S/C4H10O2/c1-2-6-4-3-5/h5H,2-4H2,1H3",-3.35696,0.0741294,0.0462025,-1.21974,0.0135332,2-Ethoxyethanol
100-41-4,,,YNQLUTRBYVCPMQ-UHFFFAOYSA-N,"InChI=1S/C8H10/c1-2-8-6-4-3-5-7-8/h3-7H,2H2,1H3",5.02577,-2.98897,-0.395021,1.19302,-1.4861,Ethylbenzene
71-41-0,5000,3,AMQJEAYHLZJPGS-UHFFFAOYSA-N,"InChI=1S/C5H12O/c1-2-3-4-5-6/h6H,2-5H2,1H3",-2.7643,-0.852872,2.81625,-1.09108,-0.869124,Pentan-1-ol
106-42-3,2170,2,URLKBWYHVLBVBO-UHFFFAOYSA-N,"InChI=1S/C8H10/c1-7-3-5-8(2)6-4-7/h3-6H,1-2H3",5.74192,-2.2148,0.0354025,1.34743,-1.99868,p-Xylene
108-24-7,,,WFDIJRYMOXRFFG-UHFFFAOYSA-N,InChI=1S/C4H6O3/c1-3(5)7-4(2)6/h1-2H3,-1.54504,-0.744288,-1.6852,0.566744,2.8611,Acetic Anhydride
123-54-6,,,YRKCREAYFQTBPV-UHFFFAOYSA-N,"InChI=1S/C5H8O2/c1-4(6)3-5(2)7/h3H2,1-2H3",-1.65035,1.20012,-1.84785,1.25239,1.03791,"Pentane-2,4-dione [Acetylacetone]"
79-09-4,,,XBDQKXXYIPTUBI-UHFFFAOYSA-N,"InChI=1S/C3H6O2/c1-2-3(4)5/h2H2,1H3,(H,4,5)",-6.78461,-3.76353,5.55202,-0.586068,-0.964241,Propanoic Acid
142-96-1,,,DURPTKYDGMDSBL-UHFFFAOYSA-N,"InChI=1S/C8H18O/c1-3-5-7-9-8-6-4-2/h3-8H2,1-2H3",4.69166,1.20323,0.674212,-2.76048,-0.416863,Di-n-butylether
60433-11-6,,,UWEYRJFJVCLAGH-UHFFFAOYSA-N,"InChI=1S/C10F18/c11-1-2(12,5(17,18)9(25,26)7(21,22)3(1,13)14)6(19,20)10(27,28)8(23,24)4(1,15)16",10.9205,-1.87484,3.86093,-4.37456,2.31021,Perfluorodecalin
123-92-2,,,MLFHJEHSLIIPHL-UHFFFAOYSA-N,"InChI=1S/C7H14O2/c1-6(2)4-5-9-7(3)8/h6H,4-5H2,1-3H3",2.31147,0.919083,-0.157217,-1.58837,1.30269,Isopentyl Acetate [Isoamyl acetate]
108-48-5,,,OISVCGZHLKNMSJ-UHFFFAOYSA-N,"InChI=1S/C7H9N/c1-6-4-3-5-7(2)8-6/h3-5H,1-2H3",0.628601,1.89399,-1.38012,0.88065,-1.48847,"2,6-Dimethylpyridine [2,6-Lutidine]"
122-51-0,,,GKASDNZWUGIAMG-UHFFFAOYSA-N,"InChI=1S/C7H16O3/c1-4-8-7(9-5-2)10-6-3/h7H,4-6H2,1-3H3",1.62682,2.94909,0.00291251,-2.29583,0.776792,Triethoxymethane [Triethyl orthoformate]
108-65-6,,,LLHKCFNBLRBOGN-UHFFFAOYSA-N,"InChI=1S/C6H12O3/c1-5(4-8-3)9-6(2)7/h5H,4H2,1-3H3",-0.669863,1.83572,-1.85387,4.56854,0.434328,PMA Glycol Ether [1-methoxy-2-propanol acetate]
628-63-7,,,PGMYKACGEOXYJE-UHFFFAOYSA-N,"InChI=1S/C7H14O2/c1-3-4-5-6-9-7(2)8/h3-6H2,1-2H3",2.41815,1.04865,-0.111091,-1.67326,1.35817,n-Pentyl Acetate
79-34-5,,,QPFMBZIOSGYJDE-UHFFFAOYSA-N,InChI=1S/C2H2Cl4/c3-1(4)2(5)6/h1-2H,1.24996,-3.99565,2.62537,3.27509,0.920927,"1,1,2,2-Tetrachloroethane"
111-84-2,,,BKIMMITUMNQMOS-UHFFFAOYSA-N,"InChI=1S/C9H20/c1-3-5-7-9-8-6-4-2/h3-9H2,1-2H3",8.70082,-2.25706,2.09121,-2.23023,-0.123578,n-Nonane
1569-01-3,,,FENFUOGYJVOCRY-UHFFFAOYSA-N,"InChI=1S/C6H14O2/c1-3-4-8-5-6(2)7/h6-7H,3-5H2,1-2H3",-0.48314,1.59821,-0.21765,-1.38936,0.206216,PnP Glycol Ether [1-Propoxy-2-propanol]
2807-30-9,,,YEYKMVJDLWJFOA-UHFFFAOYSA-N,"InChI=1S/C5H12O2/c1-2-4-7-5-3-6/h6H,2-5H2,1H3",-2.62005,0.870106,0.492484,-1.29295,-0.0183773,Propyl Cellosolve [2-Propoxyethanol]
100-66-3,5000,3,RDOXTESZEPMUJZ-UHFFFAOYSA-N,"InChI=1S/C7H8O/c1-8-7-5-3-2-4-6-7/h2-6H,1H3",3.0188,-1.34203,-0.886833,2.91594,-1.1059,Anisole
98-82-8,,,RWGFKTVRMDUZSP-UHFFFAOYSA-N,"InChI=1S/C9H12/c1-8(2)9-6-4-3-5-7-9/h3-8H,1-2H3",6.16732,-1.81424,0.487259,1.34341,-1.28758,Isopropylbenzene
68-12-2,880,2,ZMXDDKWLCZADIW-UHFFFAOYSA-N,"InChI=1S/C3H7NO/c1-4(2)3-5/h3H,1-2H3",-5.08112,1.55541,-3.71763,0.752001,0.599084,"DMF [N,N-Dimethylformamide]"
107-51-7,,,CXQXSVUQTKDNFP-UHFFFAOYSA-N,"InChI=1S/C8H24O2Si3/c1-11(2,3)9-13(7,8)10-12(4,5)6/h1-8H3",11.0181,2.66874,4.05506,-0.947221,0.305732,Octamethyltrisiloxane [MDM]
97-64-3,,,LZCLXQDLBQLTDK-UHFFFAOYSA-N,"InChI=1S/C5H10O3/c1-3-8-5(7)4(2)6/h4,6H,3H2,1-2H3",-1.7406,0.8075,-0.364763,-0.350021,1.82471,Ethyl Lactate
79-31-2,,,KQNPFQTWMSNSAP-UHFFFAOYSA-N,"InChI=1S/C4H8O2/c1-3(2)4(5)6/h3H,1-2H3,(H,5,6)",-5.52052,-2.82788,6.23079,-1.0606,-1.43987,Isobutyric acid
108-94-1,,,JHIVVAPYMSGYDF-UHFFFAOYSA-N,InChI=1S/C6H10O/c7-6-4-2-1-3-5-6/h1-5H2,-0.553952,0.643086,-2.59907,0.59781,-0.259915,Cyclohexanone
108-86-1,,,QARVLSVVCXYDNA-UHFFFAOYSA-N,InChI=1S/C6H5Br/c7-6-4-2-1-3-5-6/h1-5H,3.46371,-2.76354,-0.981335,4.37912,-0.458873,Bromobenzene
111-15-9,,,SVONRAPFKPVNKG-UHFFFAOYSA-N,"InChI=1S/C6H12O3/c1-3-8-4-5-9-6(2)7/h3-5H2,1-2H3",-0.0392702,2.86111,-0.639804,-1.252,1.15176,2-Ethoxyethyl Acetate
111-27-3,,,ZSIAUFGUXNUGDI-UHFFFAOYSA-N,"InChI=1S/C6H14O/c1-2-3-4-5-6-7/h7H,2-6H2,1H3",-1.71547,0.0633819,3.42011,-0.979458,-0.868482,1-Hexanol
3741-38-6,,,WDXYVJKNSMILOQ-UHFFFAOYSA-N,InChI=1S/C2H4O3S/c3-6-4-1-2-5-6/h1-2H2,-1.29881,-2.5432,-1.95029,2.94897,2.74482,"1,3,2-Dioxathiolane-2-oxide"
111-92-2,,,JQVDAXLFBXTEQA-UHFFFAOYSA-N,"InChI=1S/C8H19N/c1-3-5-7-9-8-6-4-2/h9H,3-8H2,1-2H3",2.78726,3.55864,0.532734,-2.19684,-2.25272,Dibutylamine
111-96-6,,,SBZXBUIDTXKZTM-UHFFFAOYSA-N,"InChI=1S/C6H14O3/c1-7-3-5-9-6-4-8-2/h3-6H2,1-2H3",-0.771327,5.44963,-0.996489,-2.44881,-0.397098,Diglyme [Diethyleneglycol dimethyl ether]
76-01-7,,,BNIXVQGCZULYKV-UHFFFAOYSA-N,"InChI=1S/C2HCl5/c3-1(4)2(5,6)7/h1H",3.2415,-3.4936,2.23427,2.37733,0.485803,Pentachloroethane
108-93-0,,,HPXRVTGHNJAIIH-UHFFFAOYSA-N,"InChI=1S/C6H12O/c7-6-4-2-1-3-5-6/h6-7H,1-5H2",-2.46101,-0.080649,1.6858,0.322257,-1.37208,Cyclohexanol
98-01-1,,,HYBBIBNJHNGZAN-UHFFFAOYSA-N,InChI=1S/C5H4O2/c6-4-5-2-1-3-7-5/h1-4H,-2.31872,0.0679379,-1.77534,4.70834,1.08821,Furfural
583-60-8,,,LFSAPCRASZRSKS-UHFFFAOYSA-N,"InChI=1S/C7H12O/c1-6-4-2-3-5-7(6)8/h6H,2-5H2,1H3",0.496093,1.06345,-1.75776,0.0507666,-0.592298,2-Methylcyclohexanone
107-92-6,,,FERIUCNNQQJTOY-UHFFFAOYSA-N,"InChI=1S/C4H8O2/c1-2-3-4(5)6/h2-3H2,1H3,(H,5,6)",-4.91685,-2.7986,5.74195,-0.763212,-1.14215,Butyric acid
628-73-9,,,AILKHAQXUAOOFU-UHFFFAOYSA-N,"InChI=1S/C6H11N/c1-2-3-4-5-6-7/h2-5H2,1H3",0.64183,-0.827949,-0.863312,-0.339888,3.10634,Hexanenitrile
108-67-8,,,AUHZEENZYGFFBQ-UHFFFAOYSA-N,"InChI=1S/C9H12/c1-7-4-8(2)6-9(3)5-7/h4-6H,1-3H3",6.6148,-0.578672,0.341697,1.36373,-1.84522,"Mesitylene [1,3,5-Trimethylbenzene]"
624-54-4,,,TWSRVQVEYJNFKQ-UHFFFAOYSA-N,"InChI=1S/C8H16O2/c1-3-5-6-7-10-8(9)4-2/h3-7H2,1-2H3",3.43772,1.30668,0.498072,-1.69732,1.15883,n-Pentyl Propionate
127-19-5,1090,2,FXHOOIRPVKKKFG-UHFFFAOYSA-N,InChI=1S/C4H9NO/c1-4(6)5(2)3/h1-3H3,-4.29237,3.02392,-3.37915,0.545871,0.145789,"DMA [N,N-Dimethylacetamide]"
108-83-8,,,PTTPXKJBFFKCEK-UHFFFAOYSA-N,"InChI=1S/C9H18O/c1-7(2)5-9(10)6-8(3)4/h7-8H,5-6H2,1-4H3",4.08788,2.17254,0.294017,-0.607983,0.518781,"2,6-Dimethyl-4-heptanone [Diisobutyl ketone]"
123-42-2,,,SWXVUIWOUIDPGS-UHFFFAOYSA-N,"InChI=1S/C6H12O2/c1-5(7)4-6(2,3)8/h8H,4H2,1-3H3",-2.50863,2.98646,-1.32478,-0.110683,1.04734,4-Hydroxy-4-methylpentan-2-one
763-69-9,,,BHXIWUJLHYHGSJ-UHFFFAOYSA-N,"InChI=1S/C7H14O3/c1-3-9-6-5-7(8)10-4-2/h3-6H2,1-2H3",1.97897,-0.0824705,0.203245,-2.74958,1.68665,Ethyl 3-Ethoxypropionate
103-73-1,,,DLRJIFUOBPOJNS-UHFFFAOYSA-N,"InChI=1S/C8H10O/c1-2-9-8-6-4-3-5-7-8/h3-7H,2H2,1H3",4.30035,-0.519954,-0.26524,2.68989,-0.925248,Ethoxybenzene [phenetole]
141-43-5,,,HZAXFHJVJLSVMW-UHFFFAOYSA-N,"InChI=1S/C2H7NO/c3-1-2-4/h4H,1-3H2",-8.38199,0.423377,-0.393555,1.23633,-0.977211,Ethanolamine [2-Aminoethanol]
111-76-2,,,POAOYUHQDCAZBD-UHFFFAOYSA-N,"InChI=1S/C6H14O2/c1-2-3-5-8-6-4-7/h7H,2-6H2,1H3",-1.24016,1.79808,1.22264,-1.07427,0.209733,Butyl Cellosolve [Ethylene glycol monobutyl ether]
5131-66-8,,,RWNUSVWFHDHRCJ-UHFFFAOYSA-N,"InChI=1S/C7H16O2/c1-3-4-5-9-6-7(2)8/h7-8H,3-6H2,1-2H3",0.978998,2.33226,0.14015,-1.38571,0.452169,PnB Glycol Ether [3-Butoxypropan-2-ol]
541-73-1,,,ZPQOPVIELGIULI-UHFFFAOYSA-N,InChI=1S/C6H4Cl2/c7-5-2-1-3-6(8)4-5/h1-4H,4.74542,-1.67792,0.091056,4.43084,-0.0737213,"1,3-Dichlorobenzene"
142-92-7,,,AOGQPLXWSUTHQB-UHFFFAOYSA-N,"InChI=1S/C8H16O2/c1-3-4-5-6-7-10-8(2)9/h3-7H2,1-2H3",3.31021,1.96907,0.550602,-1.38165,1.38379,Hexyl Acetate
124-18-5,,,DIOQZVSQGTUSAI-UHFFFAOYSA-N,"InChI=1S/C10H22/c1-3-5-7-9-10-8-6-4-2/h3-10H2,1-2H3",9.43312,-1.6408,2.77792,-2.18634,0.270926,Decane
111109-77-4,,,OQUIHNRSFOIOFU-UHFFFAOYSA-N,"InChI=1S/C8H18O3/c1-7(10-4)6-11-8(2)5-9-3/h7-8H,5-6H2,1-4H3",1.33946,5.27547,0.0709312,-2.02499,-0.279248,Dipropylene Glycol Dimethyl Ether
104986-37-0,,,HMMGMWAXVFQUOA-UHFFFAOYSA-N,"InChI=1S/C8H24O4Si4/c1-13(2)9-14(3,4)11-16(7,8)12-15(5,6)10-13/h1-8H3",12.1781,5.31867,5.12363,-0.402146,1.00867,Octamethylcyclotetrasiloxane [D4]
632-22-4,,,AVQQQNCBBIEMEU-UHFFFAOYSA-N,InChI=1S/C5H12N2O/c1-6(2)5(8)7(3)4/h1-4H3,-6.42158,11.3027,-2.69706,-2.76249,-2.13088,"TMU [1,1,3,3-Tetramethylurea]"
111-70-6,,,BBMCTIGTTCKYKF-UHFFFAOYSA-N,"InChI=1S/C7H16O/c1-2-3-4-5-6-7-8/h8H,2-7H2,1H3",-0.533689,0.91061,4.09596,-0.810862,-0.774663,1-Heptanol
5989-27-5,,,XMGQYMWWDOXHJM-UHFFFAOYSA-N,"InChI=1S/C10H16/c1-8(2)10-6-4-9(3)5-7-10/h4,10H,1,5-7H2,2-3H3",7.08493,-0.644653,0.563942,1.22877,-1.57243,1-Methyl-4-(prop-1-en-2-yl)cyclohex-1-ene [D-Limonene]
99-87-6,,,HFPZCAJZSCWRBC-UHFFFAOYSA-N,"InChI=1S/C10H14/c1-8(2)10-6-4-9(3)5-7-10/h4-8H,1-3H3",7.23036,-0.931718,1.12616,1.3351,-1.68546,p-Cymene
496-11-7,,,PQNFLJBBNBOBRQ-UHFFFAOYSA-N,"InChI=1S/C9H10/c1-2-5-9-7-3-6-8(9)4-1/h1-2,4-5H,3,6-7H2",4.90998,-2.32791,-0.439322,2.8143,-1.86251,Indane
95-50-1,,,RFFLAFLAYFXFSW-UHFFFAOYSA-N,InChI=1S/C6H4Cl2/c7-5-3-1-2-4-6(5)8/h1-4H,3.6549,-2.17616,-0.77478,4.76397,0.167424,"1,2-Dichlorobenzene"
141-97-9,,,XYIBRDXRRQCHLP-UHFFFAOYSA-N,"InChI=1S/C6H10O3/c1-3-9-6(8)4-5(2)7/h3-4H2,1-2H3",-0.748251,2.35542,-0.696179,0.284149,1.88884,"Ethyl 3-oxobutanoate [Ethyl acetoacetate, EAA]"
123-39-7,,,ATHHXGZTWNVVOU-UHFFFAOYSA-N,"InChI=1S/C2H5NO/c1-3-2-4/h2H,1H3,(H,3,4)",-9.69134,-0.0557008,0.679486,1.61295,-0.157919,N-Methylformamide
75-11-6,,,NZZFYRREKKOMAT-UHFFFAOYSA-N,InChI=1S/CH2I2/c2-1-3/h1H2,1.29514,-3.46526,-1.53425,8.56989,-1.40893,DiIodomethane
4829-04-3,,,IMLSAISZLJGWPP-UHFFFAOYSA-N,InChI=1S/C3H6S2/c1-2-5-3-4-1/h1-3H2,1.96463,-1.62147,-1.88487,5.26654,-1.18131,"1,3-Dithiolane"
104-51-8,,,OCKPCBLVNKHBMX-UHFFFAOYSA-N,"InChI=1S/C10H14/c1-2-3-7-10-8-5-4-6-9-10/h4-6,8-9H,2-3,7H2,1H3",7.00782,-0.798998,0.999665,1.92594,-1.08044,Butylbenzene
62-53-3,,,PAYRUJLWNCNPSJ-UHFFFAOYSA-N,"InChI=1S/C6H7N/c7-6-4-2-1-3-5-6/h1-5H,7H2",-1.5456,-1.12968,1.48888,5.54665,-2.26104,Aniline
100-46-9,,,WGQKYBSKWIADBV-UHFFFAOYSA-N,"InChI=1S/C7H9N/c8-6-7-4-2-1-3-5-7/h1-5H,6,8H2",-1.06821,2.79804,-0.731378,2.89571,-1.80984,Benzylamine
104-76-7,,,YIWUKEYIRIRTPP-UHFFFAOYSA-N,"InChI=1S/C8H18O/c1-3-5-6-8(4-2)7-9/h8-9H,3-7H2,1-2H3",0.993743,1.28492,4.38946,-0.582807,-0.597953,2-Ethylhexanol
623-84-7,,,MLHOXUWWKVQEJB-UHFFFAOYSA-N,"InChI=1S/C7H12O4/c1-5(11-7(3)9)4-10-6(2)8/h5H,4H2,1-3H3",0.930551,3.81141,0.543572,-0.460096,2.31403,"1,2-Diacetoxypropane"
57-55-6,,,DNIAPMSPPWPWGF-UHFFFAOYSA-N,"InChI=1S/C3H8O2/c1-3(5)2-4/h3-5H,2H2,1H3",-8.82701,-0.147285,3.8777,0.751989,-0.726892,Propylene Glycol
591-50-4,,,SNHMUERNLJLMHN-UHFFFAOYSA-N,InChI=1S/C6H5I/c7-6-4-2-1-3-5-6/h1-5H,3.78768,-2.05131,-0.937117,5.83917,-0.898518,Iodobenzene
502-56-7,,,WSGCRAOTEDLMFQ-UHFFFAOYSA-N,"InChI=1S/C9H18O/c1-3-5-7-9(10)8-6-4-2/h3-8H2,1-2H3",3.79382,2.87354,0.484912,-0.569989,0.817048,5-Nonanone
67-68-5,5000,3,IAZDPXIOMUYVGZ-UHFFFAOYSA-N,InChI=1S/C2H6OS/c1-4(2)3/h1-2H3,-7.15801,4.00531,-3.9992,2.58802,0.563683,DMSO [Dimethylsulfoxide]
100-79-8,,,RNVYQYLELCKWAN-UHFFFAOYSA-N,"InChI=1S/C6H12O3/c1-6(2)8-4-5(3-7)9-6/h5,7H,3-4H2,1-2H3",-3.37704,2.79453,2.00933,0.16007,-0.215957,"(2,2-Dimethyl-1,3-dioxolan-4-yl)methanol"
112-36-7,,,RRQYJINTUHWNHW-UHFFFAOYSA-N,"InChI=1S/C8H18O3/c1-3-9-5-7-11-8-6-10-4-2/h3-8H2,1-2H3",0.844019,7.20545,0.165157,-2.46977,-0.429913,Diethyleneglycol diethyl ether
34590-94-8,,,WGYZMNBUZFHYRX-UHFFFAOYSA-N,"InChI=1S/C7H16O3/c1-6(8)4-10-7(2)5-9-3/h6-8H,4-5H2,1-3H3",-0.725119,5.01033,-0.563842,-1.54975,0.326459,DPM Glycol Ether [Dipropylene glycol methyl ether]
623-84-7,,,MLHOXUWWKVQEJB-UHFFFAOYSA-N,"InChI=1S/C7H12O4/c1-5(11-7(3)9)4-10-6(2)8/h5H,4H2,1-3H3",0.386778,3.77853,0.2427,-0.306994,2.03981,PGDA Glycol Ether [Propylene glycol diacetate]
111-55-7,,,JTXMVXSTHSMVQF-UHFFFAOYSA-N,"InChI=1S/C6H10O4/c1-5(7)9-3-4-10-6(2)8/h3-4H2,1-2H3",-0.216736,3.40473,-0.0766134,0.349723,2.52044,"Ethane-1,2-diyl diacetate [Ethylene glycol diacetate]"
100-47-0,,,JFDZBHWFFUWGJE-UHFFFAOYSA-N,InChI=1S/C7H5N/c8-6-7-4-2-1-3-5-7/h1-5H,0.383056,-0.366777,-2.01768,4.56559,1.60245,Benzonitrile
112-07-2,,,NQBXSWAWVZHKBZ-UHFFFAOYSA-N,"InChI=1S/C8H16O3/c1-3-4-5-10-6-7-11-8(2)9/h3-7H2,1-2H3",2.37524,4.24022,0.7754,-0.908827,1.39509,Butyl Cellosolve Acetate
121-69-7,,,JLTDJTHDQAWBAV-UHFFFAOYSA-N,"InChI=1S/C8H11N/c1-9(2)8-6-4-3-5-7-8/h3-7H,1-2H3",3.73842,-0.300555,-0.976462,4.21466,-2.21541,"N,N-Dimethylaniline"
111-77-3,,,SBASXUCJHJRPEV-UHFFFAOYSA-N,"InChI=1S/C5H12O3/c1-7-4-5-8-3-2-6/h6H,2-5H2,1H3",-2.86983,3.66759,-0.0660459,-1.06358,-0.431207,Methyl Carbitol [2-[2-(Methoxy)ethoxy]ethanol]
141-62-8,,,YFCGDEUVHLPRCZ-UHFFFAOYSA-N,"InChI=1S/C10H30O3Si4/c1-14(2,3)11-16(7,8)13-17(9,10)12-15(4,5)6/h1-10H3",14.593,5.71566,6.6462,-0.567117,0.952821,Decamethyltetrasiloxane [MD2M]
493-01-6,,,NNBZCPXTIHJBJL-UHFFFAOYSA-N,"InChI=1S/C10H18/c1-2-6-10-8-4-3-7-9(10)5-1/h9-10H,1-8H2",8.12087,-2.29608,1.35479,0.446118,-1.00533,cis-Decalin
100-61-8,,,AFBPFSWMIHJQDM-UHFFFAOYSA-N,"InChI=1S/C7H9N/c1-8-7-5-3-2-4-6-7/h2-6,8H,1H3",1.63624,-0.955885,0.70064,5.37834,-2.34949,N-Methylaniline
107-21-1,620,2,LYCAIKOWRPUZTN-UHFFFAOYSA-N,"InChI=1S/C2H6O2/c3-1-2-4/h3-4H,1-2H2",-10.7101,-1.88606,4.37327,1.45192,-1.03437,"Ethylene Glycol [1,2-Ethanediol]"
93-58-3,,,QPJVMBTYPHYUOC-UHFFFAOYSA-N,"InChI=1S/C8H8O2/c1-10-8(9)7-5-3-2-4-6-7/h2-6H,1H3",2.96534,1.54701,-0.093786,3.36085,0.582095,Methyl benzoate
111-90-0,,,XXJWXESWEXIICW-UHFFFAOYSA-N,"InChI=1S/C6H14O3/c1-2-8-5-6-9-4-3-7/h7H,2-6H2,1H3",-2.04393,4.57115,0.400268,-1.17734,-0.195925,Carbitol [2-(2-ethoxyethoxy)ethanol]
98-86-2,,,KWOLFJPFCHCOCG-UHFFFAOYSA-N,"InChI=1S/C8H8O/c1-7(9)8-5-3-2-4-6-8/h2-6H,1H3",1.0484,1.97867,-1.09144,4.02949,0.785961,Acetophenone
872-50-4,530,2,SECXISVLQFMRJM-UHFFFAOYSA-N,"InChI=1S/C5H9NO/c1-6-4-2-3-5(6)7/h2-4H2,1H3",-3.90132,3.34375,-2.98889,0.763989,-0.161558,NMP [N-Methylpyrrolidone]
34885-03-5,,,OSINZLLLLCUKJH-UHFFFAOYSA-N,"InChI=1S/C8H16O/c1-7-2-4-8(6-9)5-3-7/h7-9H,2-6H2,1H3",-0.759562,0.509233,3.6884,-0.341782,-1.04533,4-Methylcyclohexanemethanol [MCHM]
1087696-49-8,,,WHIRALQRTSITMI-UJURSFKZSA-N,"InChI=1S/C6H8O3/c7-5-2-1-4-3-8-6(5)9-4/h4,6H,1-3H2/t4-,6+/m0/s1",-14.1574,15.4967,-3.0099,4.36439,2.3627,Dihydrolevoglucosenone (Cyrene)
96-48-0,,,YEJRWHAVMIAJKC-UHFFFAOYSA-N,InChI=1S/C4H6O2/c5-4-2-1-3-6-4/h1-3H2,-3.94934,-0.431024,-2.89993,1.62084,2.45143,Dihydrofuran-2(3H)-one [Butyrolactone]
100-51-6,,,WVDDGKGOMKODPV-UHFFFAOYSA-N,"InChI=1S/C7H8O/c8-6-7-4-2-1-3-5-7/h1-5,8H,6H2",-2.44614,0.894494,3.6268,3.67887,-1.23662,Benzyl alcohol
103-69-5,,,OJGMBLNIHDZDGS-UHFFFAOYSA-N,"InChI=1S/C8H11N/c1-2-9-8-6-4-3-5-7-8/h3-7,9H,2H2,1H3",3.12205,-0.191582,0.973793,4.94788,-2.22555,N-Ethylaniline
79-16-3,,,OHLUUHNLEMFGTQ-UHFFFAOYSA-N,"InChI=1S/C3H7NO/c1-3(5)4-2/h1-2H3,(H,4,5)",-8.30638,1.58203,0.645811,1.01107,-0.217258,N-Methylacetamide
119-64-2,100,2,CXWXQJXEFPUFDZ-UHFFFAOYSA-N,"InChI=1S/C10H12/c1-2-6-10-8-4-3-7-9(10)5-1/h1-2,5-6H,3-4,7-8H2",6.31115,-1.16539,0.4776,2.81458,-1.74873,Tetralin
108-29-2,,,GAEKPEKOJKCEMS-UHFFFAOYSA-N,"InChI=1S/C5H8O2/c1-4-2-3-5(6)7-4/h4H,2-3H2,1H3",-2.07999,0.986893,-2.05341,1.05551,2.226,5-Methyldihydrofuran-2(3H)-one [gamma-valerolactone]
88917-22-0,,,LAVARTIQQDZFNT-UHFFFAOYSA-N,"InChI=1S/C9H18O4/c1-7(5-11-4)12-6-8(2)13-9(3)10/h7-8H,5-6H2,1-4H3",3.09955,5.81533,1.21997,-0.913607,0.771386,DPMA Glycol Ether [Dipropylene glycol methyl ether acetate]
75-12-7,220,2,ZHNUHDYFZUAESO-UHFFFAOYSA-N,"InChI=1S/CH3NO/c2-1-3/h1H,(H2,2,3)",-13.7832,-2.50553,3.64239,3.55785,0.413777,Formamide
98-95-3,,,LQNUZADURLCDLV-UHFFFAOYSA-N,InChI=1S/C6H5NO2/c8-7(9)6-4-2-1-3-5-6/h1-5H,0.852347,-0.723091,-1.52101,5.54315,2.8035,Nitrobenzene
29911-27-1,,,WEZPLQKRXDBPEP-UHFFFAOYSA-N,"InChI=1S/C9H20O3/c1-4-5-11-7-9(3)12-6-8(2)10/h8-10H,4-7H2,1-3H3",1.13119,6.82277,0.803624,-1.6561,0.398027,DPnP Glycol Ether [1-(1-propoxypropan-2-yloxy)propan-2-ol]
102-82-9,,,IMFACGCPASFAPR-UHFFFAOYSA-N,"InChI=1S/C12H27N/c1-4-7-10-13(11-8-5-2)12-9-6-3/h4-12H2,1-3H3",9.03947,4.80875,2.88702,-2.02983,-2.92386,Tributylamine
143-08-8,,,ZWRUINPWMLAQRD-UHFFFAOYSA-N,"InChI=1S/C9H20O/c1-2-3-4-5-6-7-8-9-10/h10H,2-9H2,1H3",2.0427,2.62706,5.52872,-0.425519,-0.637282,1-Nonanol
78-59-1,,,HJOVHMDZYOCNQW-UHFFFAOYSA-N,"InChI=1S/C9H14O/c1-7-4-8(10)6-9(2,3)5-7/h4H,5-6H2,1-3H3",0.23767,4.80323,-1.20272,1.43987,0.162161,"3,5,5-Trimethylcyclohex-2-enone [Isophorone]"
112-49-2,,,YFNKIDBQEZZDLK-UHFFFAOYSA-N,"InChI=1S/C8H18O4/c1-9-3-5-11-7-8-12-6-4-10-2/h3-8H2,1-2H3",-0.755174,9.92438,0.053861,-2.46073,-0.138356,Triglyme [Triethyleneglycol dimethyl ether]
289-80-5,,,PBMFSQRYOILNGV-UHFFFAOYSA-N,InChI=1S/C4H4N2/c1-2-4-6-5-3-1/h1-4H,-4.46695,2.3979,-2.69637,3.9672,0.260451,Pyridazine
80-73-9,,,CYSGHNMQYZDMIA-UHFFFAOYSA-N,"InChI=1S/C5H10N2O/c1-6-3-4-7(2)5(6)8/h3-4H2,1-2H3",-2.28264,3.8017,-2.0342,1.25428,-0.365918,"DMI [1,3-dimethylimidazolidin-2-one]"
112-34-5,,,OAYXUHPQHDHDDZ-UHFFFAOYSA-N,"InChI=1S/C8H18O3/c1-2-3-5-10-7-8-11-6-4-9/h9H,2-8H2,1H3",-0.743199,3.67786,3.1728,-4.10058,5.58374,Butyl Carbitol [2-[2-(Butyloxy)ethoxy]ethanol]
29911-28-2,,,CUVLMZNMSPJDON-UHFFFAOYSA-N,"InChI=1S/C10H22O3/c1-4-5-6-12-8-10(3)13-7-9(2)11/h9-11H,4-8H2,1-3H3",2.40804,7.4026,1.63708,-1.40445,0.605032,DPnB Glycol Ether [Dipropylene glycol n-butyl ether]
680-31-9,,,GNOIPBMMFNIUFM-UHFFFAOYSA-N,"InChI=1S/C6H18N3OP/c1-7(2)11(10,8(3)4)9(5)6/h1-6H3",-1.45993,9.77762,-1.00489,-0.144358,-1.27009,HMPA
1600-44-8,,,ISXOBTBCNRIIQO-UHFFFAOYSA-N,InChI=1S/C4H8OS/c5-6-3-1-2-4-6/h1-4H2,-5.21401,4.90404,-2.97795,2.43274,-0.530404,Tetrahydrothiophene 1-oxide
91-22-5,,,SMWDFEZZVXVKRB-UHFFFAOYSA-N,InChI=1S/C9H7N/c1-2-6-9-8(4-1)5-3-7-10-9/h1-7H,0.997698,2.88115,-1.02765,5.82588,-1.51367,Quinoline
108-32-7,,,RUOJZAUFBMNUDX-UHFFFAOYSA-N,"InChI=1S/C4H6O3/c1-3-2-6-4(5)7-3/h3H,2H2,1H3",-3.56352,-0.739374,-2.16803,2.34958,4.65793,"Propylene Carbonate [4-Methyl-1,3-dioxolan-2-one]"
770-35-4,,,IBLKWZIFZMJLFL-UHFFFAOYSA-N,"InChI=1S/C9H12O2/c1-8(10)7-11-9-5-3-2-4-6-9/h2-6,8,10H,7H2,1H3",0.267422,2.80977,3.35628,4.0458,-0.798908,PPh Glycol Ether [Propylene glycol phenyl ether]
25498-49-1,,,HPFDGTFXAVIVTH-UHFFFAOYSA-N,"InChI=1S/C10H22O4/c1-8(11)5-13-10(3)7-14-9(2)6-12-4/h8-11H,5-7H2,1-4H3",1.57178,9.42668,1.45753,-0.908463,0.824127,TPM Glycol Ether [Tripropylene glycol methyl ether]
122-99-6,,,QCDWFXQBSFUVSP-UHFFFAOYSA-N,"InChI=1S/C8H10O2/c9-6-7-10-8-4-2-1-3-5-8/h1-5,9H,6-7H2",-1.42132,2.28022,3.93606,4.14949,-1.05192,EPh Glycol Ether [2-phenoxyethanol]
7226-23-5,,,GUVUOGQBMYCBQP-UHFFFAOYSA-N,"InChI=1S/C6H12N2O/c1-7-4-3-5-8(2)6(7)9/h3-5H2,1-2H3",-2.43265,4.88751,-2.09733,1.46339,-1.0033,"DMPU [1,3-dimethyltetrahydropyrimidin-2(1H)-one]"
111-46-6,,,MTHSVFCYNBDYFN-UHFFFAOYSA-N,"InChI=1S/C4H10O3/c5-1-3-7-4-2-6/h5-6H,1-4H2",-7.96058,2.82674,3.45365,0.601903,-0.443717,Diethylene Glycol
124-17-4,,,VXQBJTKSVGFQOL-UHFFFAOYSA-N,"InChI=1S/C10H20O4/c1-3-4-5-12-6-7-13-8-9-14-10(2)11/h3-9H2,1-2H3",3.63892,7.71894,2.21787,-0.415515,1.74205,Butyl Carbitol Acetate [2-(2-Butoxyethoxy)ethyl acetate]
2832-49-7,,,IYIAWAACGTUPCC-UHFFFAOYSA-N,"InChI=1S/C8H20N2O2S/c1-5-9(6-2)13(11,12)10(7-3)8-4/h5-8H2,1-4H3",5.32758,4.98738,1.36201,0.803137,0.624822,Tetraethylsulfamide [TES]
112-59-4,,,GZMAAYIALGURDQ-UHFFFAOYSA-N,"InChI=1S/C10H22O3/c1-2-3-4-5-7-12-9-10-13-8-6-11/h11H,2-10H2,1H3",1.51749,7.50988,3.28973,-0.49155,1.04222,Hexyl Carbitol [2-[2-(Hexyloxy)ethoxy]ethanol]
25265-77-4,,,DAFHKNAQFPVRKR-UHFFFAOYSA-N,"InChI=1S/C12H24O3/c1-8(2)10(13)12(5,6)7-15-11(14)9(3)4/h8-10,13H,7H2,1-6H3",1.55829,3.62398,0.502074,-0.183229,1.15012,"2,2,4-Trimethyl-1,3-pentanediol 1-isobutyrate"
102-76-1,,,URAYPUMNDPQOKB-UHFFFAOYSA-N,"InChI=1S/C9H14O6/c1-6(10)13-4-9(15-8(3)12)5-14-7(2)11/h9H,4-5H2,1-3H3",0.478516,8.27183,1.96447,1.5273,4.03999,"Triacetin [1,2,3-triacetoxypropane]"
101-84-8,,,USIUVYZYUHIAEV-UHFFFAOYSA-N,InChI=1S/C12H10O/c1-3-7-11(8-4-1)13-12-9-5-2-6-10-12/h1-10H,7.94995,2.60568,2.347,6.40646,-0.595509,Diphenyl Ether
6674-22-2,,,GQHTUMJGOHRCHB-UHFFFAOYSA-N,InChI=1S/C9H16N2/c1-2-5-9-10-6-4-8-11(9)7-3-1/h1-8H2,-1.04243,8.08654,-1.61077,0.424958,-3.57208,"1,8-Diazabicycloundec-7-ene [DBU]"
55934-93-5,,,LORVPHHKJFSORQ-UHFFFAOYSA-N,"InChI=1S/C13H28O4/c1-5-6-7-15-9-12(3)17-10-13(4)16-8-11(2)14/h11-14H,5-10H2,1-4H3",4.77199,10.9534,3.7886,-0.925717,1.20125,TPnB Glycol Ether [Tripropylene glycol n-butyl ether]
143-22-6,,,COBPKKZHLDDMTB-UHFFFAOYSA-N,"InChI=1S/C10H22O4/c1-2-3-5-12-7-9-14-10-8-13-6-4-11/h11H,2-10H2,1H3",-0.397931,10.5469,3.24714,-1.54218,1.67661,"Butoxytriglycol [3,6,9-Trioxatridecan-1-ol]"
126-33-0,160,2,HXJUTPCZVOIRIF-UHFFFAOYSA-N,InChI=1S/C4H8O2S/c5-7(6)3-1-2-4-7/h1-4H2,-3.9622,2.33569,-1.90485,3.56636,3.50714,Sulfolane
112-27-6,,,ZIBGPFATKBEMQZ-UHFFFAOYSA-N,"InChI=1S/C6H14O4/c7-1-3-9-5-6-10-4-2-8/h7-8H,1-6H2",-4.18826,6.54135,0.427493,0.629685,0.986734,Triethylene Glycol
56-81-5,,,PEDCQBHIVMGVHV-UHFFFAOYSA-N,"InChI=1S/C3H8O3/c4-1-3(6)2-5/h3-6H,1-2H2",-11.292,1.48289,5.82824,3.09155,-0.187772,Glycerol
111-69-3,,,BTGRAWJCKBQKAO-UHFFFAOYSA-N,InChI=1S/C6H8N2/c7-5-3-1-2-4-6-8/h1-4H2,-1.80193,2.02169,0.527922,2.07302,4.6739,Hexanedinitrile
120-51-4,,,SESFRYSPDFLNCH-UHFFFAOYSA-N,"InChI=1S/C14H12O2/c15-14(13-9-5-2-6-10-13)16-11-12-7-3-1-4-8-12/h1-10H,11H2",7.9342,5.18385,3.82671,5.52021,1.3553,Benzyl Benzoate
112-60-7,,,UWHCKJMYHZGTIT-UHFFFAOYSA-N,"InChI=1S/C8H18O5/c9-1-3-11-5-7-13-8-6-12-4-2-10/h9-10H,1-8H2",-1.86972,10.5113,0.644045,0.341486,1.12206,Tetraethylene glycol
102-71-6,,,GSEJCLTVZPLZKY-UHFFFAOYSA-N,"InChI=1S/C6H15NO3/c8-4-1-7(2-5-9)3-6-10/h8-10H,1-6H2",-7.53647,8.01536,5.12255,1.66281,-2.40286,Triethanolamine
541-02-6,,,XMSXQFUHVRWGNA-UHFFFAOYSA-N,"InChI=1S/C10H30O5Si5/c1-16(2)11-17(3,4)13-19(7,8)15-20(9,10)14-18(5,6)12-16/h1-10H3",15.681,8.59344,7.9334,0.83998,2.07318,Decamethylcyclopentasiloxane [D5]
5306-85-4,,,MEJYDZQQVZJMPP-ULAWRXDQSA-N,"InChI=1S/C8H14O4/c1-9-5-3-11-8-6(10-2)4-12-7(5)8/h5-8H,3-4H2,1-2H3/t5-,6+,7-,8-/m1/s1",-1.02462,7.19679,0.0371237,1.02998,0.753456,DMI [Dimethyl isosorbide]
